blog,content,link
N/A,"equipe
A rebloguÃ©
5 oct.
quentindouchetphotographie
21 sept.
S'abonner
Viens, je t'emmÃ¨ne lÃ -haut !
(DrÃ´me - Juin 2025).
A Julie.
Â© Quentin Douchet.
Source : Flickr / quentin77
equipe
5 oct.
@quentindouchetphotographie nous offre un merveilleux moment d'Ã©vasion contemplative.
#blogs
#quentindouchetphotographie
#artistes tumblr
#photographie
#contemplation
#Ã©vasion
#montagne
2
43
301",https://www.tumblr.com/equipe/796552053283569664/quentindouchetphotographie-nous-offre-un
N/A,"staff
A rebloguÃ©
22 oct.
tumblr
21 oct.
S'abonner
Tumblr Tuesday: Artober
October is a big month for art challenges! From birdtober to linktober, peachtober to wisptober, and the dark-fantasy-themed cursed relics, here are some highlights from some of this month's art challenges. Join in if you like, there's still time :)
@owlyjules: 
GIF publiÃ© par owlyjules
@cowsfae: 
GIF publiÃ© par cowsfae
@ora-draws: 
GIF publiÃ© par ora-draws
@juliettecousin: 
GIF publiÃ© par juliettecousin
@nickifortunati-warren: 
GIF publiÃ© par nickifortunati-warren
@onennezumi: 
GIF publiÃ© par onennezumi
@scottpartridge: 
GIF publiÃ© par scottpartridge
@taurzza: 
GIF publiÃ© par taurzza
@lescarnetsdehaku: 
GIF publiÃ© par lescarnetsdehaku
@bomkii: 
GIF publiÃ© par bomkii
@sunbruiser: 
GIF publiÃ© par sunbruiser
@charlotte-bopp: 
GIF publiÃ© par charlotte-bopp
@goddessofbees: 
GIF publiÃ© par goddessofbees
@mochiwei: 
GIF publiÃ© par mochiwei
@alexchawke: 
GIF publiÃ© par alexchawke
@pawseds: 
GIF publiÃ© par pawseds
@aghostplant: 
GIF publiÃ© par aghostplant
@oliviarampaige: 
GIF publiÃ© par oliviarampaige
@emmathewson 
GIF publiÃ© par emmathewson
@virgohcreates: 
GIF publiÃ© par virgohcreates
@piratedllama-art 
GIF publiÃ© par piratedllama-art
@meganrafferty: 
GIF publiÃ© par meganrafferty
Voir le reste
#tumblr tuesday
#artober
#wisptober
#birdtober
#peachtober
#cursed relics
#linktober
#artists on tumblr
#illustration
#fanart
#original characters
#art challenges
#long post
12
553
5â€¯004",https://www.tumblr.com/staff/798039343850717184
N/A,"equipe
A rebloguÃ©
6 nov.
reyolivier
24 oct.
S'abonner
ğŸ¸ğŸ’šğŸ¸nez Ã  nez avec une grenouille gonflable gÃ©ante Ã  lâ€™air dÃ©pitÃ©. Cette Å“uvre de lâ€™artiste vÃ©nÃ©zuÃ©lien Alex Da Corte reprÃ©sente Kermit La Grenouille, personnage emblÃ©matique de la sÃ©rie amÃ©ricaine Le Muppet Show. Elle sâ€™inscrit dans le cadre de la prestigieuse foire dâ€™art contemporain Art Basel Parisâ€¦
equipe
6 nov.
Imposante autant qu'engagÃ©e, cette Kermit version tristoune et dÃ©sabusÃ©e n'a pas manquÃ© de taper dans l'Å“il de @reyolivier. Telle un drapeau en berne, elle tÃ©moigne que tout n'est effectivement pas toujours rose au pays des batraciensâ€¦ ni dans celui de leurs lointains cousins du genre humain. ğŸ¸ğŸ’šğŸ¸
GIF publiÃ© par thecrayreport
Voir le reste
#blogs
#reyolivier
#artistes tumblr
#photographie
#kermit la grenouille
#tristoune
#en berne
2
29
219",https://www.tumblr.com/equipe/799454922998464512/imposante-autant-quengag%C3%A9e-cette-kermit-version
N/A,"staff
A rebloguÃ©
27 oct.
tumblr
27 oct.
S'abonner
ğŸ‘»ğŸƒğŸ¦‡ OOohohoOoh crEEpeRrrs! ğŸ¦‡ğŸƒğŸ‘»
ğŸ”®ğŸ‘»ğŸƒğŸ¦‡ğŸ”®ğŸ‘»ğŸƒğŸ¦‡ğŸ”®ğŸ‘»ğŸƒğŸ¦‡ğŸ”®ğŸ‘»ğŸƒğŸ¦‡ğŸ”®ğŸ‘»ğŸƒğŸ¦‡ğŸ”®ğŸ‘»ğŸƒğŸ¦‡ğŸ”®ğŸ‘»ğŸƒğŸ¦‡ğŸ”®ğŸ‘»ğŸƒğŸ¦‡ğŸ”®ğŸ‘»ğŸƒğŸ¦‡ğŸ”®ğŸ‘»
You may have noticed...something strange in our neighborhood... 
Some of the tags appear to be haunted by Halloween spirit, infused with eerie elixir, or maybe just filled to bursting with...your genericâ€¦spooky stuff.â„¢ Whoâ€™s to say for sure? Certainly not us!
Tap the heart on posts with these glowing tags at your own perilâ€”weâ€™ve had reports of a terrifying entity haunting the like button!
Stay safe out there ğŸ˜˜
ğŸ”®ğŸ‘»ğŸƒğŸ¦‡ğŸ”®ğŸ‘»ğŸƒğŸ¦‡ğŸ”®ğŸ‘»ğŸƒğŸ¦‡ğŸ”®ğŸ‘»ğŸƒğŸ¦‡ğŸ”®ğŸ‘»ğŸƒğŸ¦‡ğŸ”®ğŸ‘»ğŸƒğŸ¦‡ğŸ”®ğŸ‘»ğŸƒğŸ¦‡ğŸ”®ğŸ‘»ğŸƒğŸ¦‡ğŸ”®ğŸ‘»ğŸƒğŸ¦‡ğŸ”®ğŸ‘»
#happy halloweeeeeeen
#halloween 2025
#can you find all the haunted tags? wellâ€š can you?
15
525
7â€¯575",https://www.tumblr.com/staff/798570458806173696
N/A,"sandaruwanifficial
1 j
S'abonner
#television
#comics
#Youtube",https://www.tumblr.com/sandaruwanifficial/801820514399174656
